product_id,hub_id,product_category_id,product_subcategory_id
1,4,23,47
2,4,23,47
3,4,23,47
9,4,23,47
12,4,23,47
14,4,23,47
15,4,23,47
16,4,23,46
17,4,23,46
18,4,23,46
37,4,23,44
38,4,23,44
39,4,23,44
40,4,23,44
43,4,23,44
47,4,23,48
48,4,23,48
49,4,23,48
50,4,23,46
51,4,23,46
52,4,23,46
58,4,28,80
59,4,28,80
60,4,28,80
72,4,24,167
76,4,28,110
80,4,24,50
81,4,24,50
83,4,24,50
93,4,28,92
103,4,26,65
104,4,26,65
105,4,26,65
106,4,26,65
107,4,26,65
108,4,26,65
113,4,26,65
116,4,26,65
118,4,26,65
121,4,26,65
128,4,26,65
138,4,29,54
139,4,29,54
140,4,29,54
141,4,29,54
143,4,29,54
144,4,29,54
145,4,29,54
154,4,29,86
155,4,29,86
156,4,29,86
158,4,29,86
178,4,23,46
180,4,23,46
181,4,24,167
185,4,24,50
186,4,24,50
187,4,28,92
191,4,26,65
192,4,26,65
193,4,26,65
195,4,26,65
198,4,29,54
202,4,29,76
203,4,29,76
208,4,22,42
212,4,28,80
213,4,29,86
214,4,29,86
215,4,29,86
219,4,29,85
220,4,22,37
1034,4,26,65
2060,4,21,33
2063,4,21,33
2072,4,21,33
2075,4,21,33
2076,4,21,33
2117,4,22,36
2132,4,22,37
2150,4,22,37
2152,4,22,37
2153,4,22,37
2154,4,22,37
2156,4,22,37
2159,4,22,37
2161,4,22,37
2165,4,22,42
2166,4,22,40
2167,4,22,40
2168,4,22,40
2169,4,22,40
2170,4,22,40
2171,4,22,40
2172,4,22,40
2174,4,22,41
2175,4,22,36
2178,4,22,43
2179,4,22,43
2181,4,22,43
2183,4,22,43
2185,4,22,43
2186,4,22,43
2187,4,22,43
2192,4,22,42
2195,4,22,43
2196,4,22,43
2197,4,22,43
2224,4,22,41
2229,4,22,41
2230,4,22,41
2235,4,22,41
2236,4,22,41
2242,4,22,42
2243,4,22,42
2244,4,22,42
2260,4,22,43
2261,4,22,43
2262,4,22,43
2263,4,22,43
2264,4,22,43
2265,4,22,43
2267,4,22,43
2268,4,22,43
2269,4,22,43
2270,4,22,43
2271,4,22,43
2272,4,22,43
2273,4,22,43
2279,4,22,43
2289,4,22,43
2290,4,22,43
2291,4,22,43
2292,4,22,43
2293,4,22,43
2294,4,22,43
2295,4,22,43
2296,4,22,43
2298,4,22,43
2301,4,23,44
2302,4,23,44
2303,4,23,44
2304,4,23,44
2307,4,28,110
2308,4,23,44
2309,4,23,44
2320,4,23,45
2329,4,23,48
2339,4,23,47
2346,4,23,48
2349,4,23,48
2356,4,24,50
2359,4,24,50
2362,4,24,50
2363,4,24,50
2365,4,24,50
2367,4,24,50
2368,4,24,50
2370,4,24,50
2372,4,24,50
2373,4,24,50
2377,4,24,50
2380,4,24,50
2382,4,24,50
2385,4,24,50
2392,4,29,54
2394,4,29,54
2406,4,29,54
2413,4,29,54
2437,4,29,54
2443,4,40,55
2446,4,40,55
2447,4,40,55
2448,4,40,55
2454,4,40,58
2455,4,40,58
2458,4,40,58
2459,4,40,58
2460,4,40,58
2461,4,40,58
2465,4,40,58
2466,4,40,55
2468,4,40,55
2473,4,40,55
2475,4,40,56
2476,4,40,56
2480,4,40,56
2483,4,40,56
2486,4,40,56
2487,4,40,56
2488,4,40,56
2489,4,40,56
2492,4,40,56
2493,4,40,56
2494,4,40,56
2497,4,40,56
2498,4,40,56
2501,4,40,56
2502,4,40,56
2505,4,28,132
2508,4,28,132
2510,4,28,132
2511,4,28,132
2512,4,28,132
2514,4,28,132
2517,4,27,168
2520,4,27,168
2521,4,27,168
2525,4,27,168
2545,4,25,60
2548,4,25,60
2550,4,25,60
2552,4,25,60
2553,4,25,60
2576,4,25,133
2592,4,25,134
2593,4,25,134
2595,4,25,134
2596,4,25,134
2599,4,25,134
2601,4,25,134
2603,4,25,134
2609,4,25,61
2620,4,26,65
2621,4,26,65
2622,4,26,65
2623,4,26,65
2624,4,26,65
2625,4,26,65
2631,4,26,64
2635,4,26,64
2636,4,26,64
2637,4,26,64
2638,4,26,64
2639,4,26,64
2643,4,26,64
2644,4,26,64
2648,4,26,64
2653,4,26,64
2654,4,26,64
2655,4,26,64
2656,4,26,64
2657,4,26,64
2658,4,26,64
2659,4,26,65
2661,4,26,65
2664,4,26,65
2667,4,26,65
2669,4,26,65
2670,4,26,65
2674,4,26,65
2677,4,26,65
2678,4,26,65
2685,4,26,65
2691,4,26,65
2704,4,26,65
2705,4,26,65
2706,4,26,65
2712,4,26,65
2713,4,26,65
2714,4,26,65
2718,4,26,65
2722,4,26,65
2723,4,26,65
2724,4,26,65
2725,4,26,65
2727,4,26,65
2729,4,26,65
2731,4,26,65
2738,4,26,65
2739,4,26,65
2779,4,22,99
2780,4,26,68
2784,4,26,68
2785,4,26,68
2786,4,26,68
2787,4,26,68
2788,4,26,68
2790,4,26,68
2791,4,26,68
2792,4,26,68
2793,4,26,68
2794,4,26,68
2818,4,27,70
2825,4,42,174
2830,4,42,174
2832,4,27,69
2842,4,42,174
2843,4,42,174
2844,4,27,69
2845,4,27,69
2847,4,27,69
2902,4,42,174
2918,4,27,69
2920,4,27,71
2934,4,42,174
2935,4,42,174
2945,4,27,69
2946,4,27,71
2947,4,27,69
2948,4,27,69
2950,4,42,176
2954,4,27,71
2959,4,27,71
2968,4,27,71
2977,4,27,69
2979,4,27,69
2984,4,27,69
2985,4,27,69
2987,4,27,69
3022,4,42,176
3031,4,42,176
3034,4,42,176
3071,4,42,176
3073,4,27,70
3074,4,42,176
3076,4,42,176
3077,4,42,176
3078,4,27,70
3114,4,27,69
3183,4,42,175
3190,4,42,175
3207,4,27,71
3259,4,42,175
3261,4,42,175
3264,4,42,175
3272,4,42,175
3274,4,27,71
3285,4,42,175
3300,4,42,175
3313,4,27,72
3314,4,27,72
3316,4,27,72
3334,4,27,73
3337,4,27,73
3345,4,27,73
3369,4,42,174
3386,4,27,73
3387,4,42,174
3388,4,42,174
3390,4,42,174
3398,4,27,73
3399,4,42,174
3400,4,42,174
3418,4,27,73
3429,4,27,73
3432,4,27,73
3433,4,27,73
3444,4,27,73
3446,4,27,73
3448,4,27,73
3457,4,42,174
3459,4,42,174
3470,4,42,174
3476,4,42,174
3477,4,42,174
3480,4,42,174
3482,4,42,174
3492,4,42,174
3498,4,42,174
3511,4,42,174
3513,4,42,174
3515,4,42,174
3521,4,27,74
3522,4,27,74
3526,4,27,74
3527,4,27,74
3528,4,27,74
3534,4,27,74
3536,4,27,74
3537,4,27,74
3543,4,27,74
3549,4,27,74
3554,4,27,74
3561,4,27,74
3569,4,27,74
3572,4,27,74
3574,4,27,74
3579,4,27,75
3597,4,27,75
3598,4,27,75
3602,4,27,75
3611,4,28,110
3613,4,29,76
3614,4,29,76
3615,4,29,76
3621,4,29,76
3625,4,29,76
3629,4,23,173
3630,4,23,173
3631,4,23,173
3632,4,23,173
3634,4,28,77
3646,4,28,77
3653,4,28,81
3672,4,28,79
3673,4,28,79
3674,4,28,79
3675,4,28,79
3711,4,28,80
3716,4,28,80
3734,4,28,80
3735,4,28,80
3736,4,28,80
3762,4,28,80
3766,4,28,80
3775,4,28,81
3776,4,28,81
3778,4,28,81
3779,4,28,81
3800,4,28,81
3802,4,28,81
3803,4,28,81
3817,4,28,77
3819,4,29,86
3820,4,29,86
3822,4,29,86
3826,4,29,85
3827,4,29,85
3828,4,29,85
3831,4,29,86
3832,4,29,86
3833,4,29,86
3834,4,29,85
3835,4,29,85
3841,4,29,85
3844,4,29,85
3847,4,29,85
3848,4,29,85
3849,4,29,85
3850,4,29,85
3851,4,29,85
3861,4,29,86
3862,4,29,86
3863,4,29,86
3868,4,29,86
3869,4,29,86
3870,4,29,86
3871,4,29,86
3872,4,29,86
3873,4,29,86
3874,4,29,86
3875,4,29,86
3876,4,29,86
3877,4,29,86
3880,4,29,86
3883,4,29,86
3888,4,29,86
3889,4,29,86
3897,4,29,88
3898,4,29,88
3905,4,28,110
3907,4,28,110
3913,4,28,110
3943,4,28,110
3944,4,23,47
3959,4,28,110
3960,4,28,110
3961,4,28,110
3962,4,28,110
3963,4,28,110
3967,4,22,43
3978,4,28,110
3980,4,28,110
3981,4,28,110
3984,4,28,110
3985,4,28,110
3987,4,28,92
3992,4,28,92
3994,4,28,92
3997,4,28,92
3999,4,28,92
4001,4,28,92
4006,4,26,68
4009,4,40,58
4012,4,22,37
4019,4,40,55
4030,4,40,55
4032,4,29,54
4034,4,22,43
4037,4,22,41
4039,4,24,50
4045,4,40,58
4047,4,40,56
4050,4,22,37
4055,4,26,68
4056,4,40,55
4057,4,26,68
4059,4,22,36
4060,4,22,36
4075,4,22,36
4076,4,22,36
4094,4,22,37
4096,4,22,37
4097,4,22,37
4100,4,22,37
4104,4,22,37
4106,4,22,41
4107,4,22,41
4108,4,22,41
4109,4,22,41
4110,4,22,41
4111,4,22,41
4112,4,22,41
4113,4,22,41
4114,4,22,41
4115,4,22,41
4116,4,22,41
4117,4,22,41
4118,4,22,41
4119,4,22,41
4120,4,22,41
4121,4,22,41
4185,4,29,85
4196,4,40,55
4203,4,29,85
4205,4,26,68
4206,4,22,36
4207,4,29,85
4208,4,22,40
4210,4,22,43
4213,4,26,65
4214,4,28,77
4219,4,29,85
4222,4,29,86
4223,4,40,56
4227,4,23,48
4228,4,29,86
4229,4,22,43
4231,4,22,40
4232,4,22,43
4240,4,22,43
4241,4,22,43
4243,4,22,43
4244,4,22,40
4245,4,22,43
4249,4,22,40
4250,4,22,43
4256,4,22,43
4258,4,27,71
4260,4,22,43
4261,4,22,43
4282,4,22,43
4283,4,29,86
4285,4,22,41
4286,4,22,41
4288,4,22,41
4289,4,22,41
4290,4,22,41
4291,4,22,41
4295,4,22,37
4296,4,22,36
4297,4,25,134
4298,4,23,44
4301,4,22,43
4311,4,40,58
4322,4,40,56
4323,4,40,56
4327,4,29,76
4331,4,29,76
4338,4,29,76
4339,4,29,76
4341,4,29,76
4344,4,29,76
4345,4,29,76
4349,4,29,76
4351,4,29,76
4362,4,22,37
4366,4,22,37
4368,4,22,37
4369,4,22,37
4370,4,22,37
4372,4,22,37
4373,4,22,37
4374,4,22,37
4375,4,22,37
4376,4,22,37
4377,4,22,37
4379,4,22,37
4383,4,22,41
4384,4,22,41
4402,4,26,68
4405,4,26,68
4406,4,26,68
4426,4,22,37
4429,4,22,42
4430,4,22,43
4431,4,22,43
4433,4,22,43
4434,4,22,43
4436,4,22,43
4438,4,22,43
4439,4,22,43
4440,4,22,43
4441,4,22,43
4442,4,22,43
4443,4,22,43
4444,4,22,43
4445,4,22,43
4446,4,22,43
4448,4,22,43
4449,4,22,43
4450,4,22,43
4451,4,22,43
4452,4,22,43
4453,4,22,43
4455,4,22,43
4457,4,22,43
4468,4,22,43
4469,4,22,43
4470,4,22,42
4471,4,22,43
4473,4,22,43
4474,4,22,43
4475,4,22,43
4477,4,22,43
4481,4,22,43
4482,4,22,43
4483,4,22,43
4484,4,22,43
4485,4,22,43
4486,4,22,43
4487,4,22,43
4488,4,22,43
4489,4,22,43
4490,4,22,43
4491,4,22,43
4493,4,22,43
4500,4,40,169
4501,4,25,134
4510,4,25,134
4511,4,25,134
4512,4,25,134
4526,4,40,56
4528,4,27,74
4529,4,27,74
4530,4,27,74
4531,4,29,85
4532,4,29,85
4533,4,29,85
4534,4,29,85
4535,4,29,85
4536,4,29,85
4537,4,29,85
4549,4,29,86
4596,4,28,92
4600,4,40,58
4602,4,40,55
4604,4,28,92
4609,4,28,81
4610,4,28,92
4612,4,22,43
4630,4,27,71
4631,4,28,80
4632,4,27,74
4633,4,40,56
4635,4,25,60
4640,4,22,43
4690,4,22,43
4693,4,29,54
4694,4,29,86
4695,4,22,43
4700,4,26,65
4702,4,40,55
4703,4,23,44
4706,4,31,101
4708,4,31,101
4714,4,31,101
4719,4,31,101
4721,4,26,64
4723,4,29,54
4724,4,40,58
4729,4,27,69
4730,4,27,69
4731,4,40,58
4741,4,31,95
4742,4,42,174
4755,4,22,43
4763,4,26,64
4766,4,27,69
4778,4,25,133
4779,4,25,133
4782,4,22,43
4783,4,28,92
4784,4,28,92
4785,4,28,92
4786,4,28,92
4805,4,23,44
4806,4,29,54
4808,4,23,48
4834,4,29,88
4835,4,23,48
4837,4,23,48
4841,4,22,43
4842,4,22,43
4847,4,40,55
4862,4,27,69
4864,4,27,73
4868,4,29,86
4869,4,23,48
4877,4,23,48
4879,4,31,95
4880,4,31,101
4882,4,31,101
4888,4,29,86
4889,4,25,133
4896,4,23,44
4911,4,31,101
4921,4,31,101
4925,4,23,46
4929,4,27,74
4931,4,22,43
4932,4,24,50
4955,4,28,92
4956,4,28,92
4957,4,28,92
4958,4,28,92
4965,4,23,48
4969,4,26,68
4972,4,40,56
4977,4,22,43
4980,4,23,46
4981,4,40,55
4984,4,28,77
5006,4,23,173
5007,4,28,77
5009,4,27,74
5012,4,31,95
5013,4,31,95
5016,4,31,95
5017,4,31,95
5022,4,31,95
5026,4,31,95
5027,4,31,95
5029,4,31,95
5030,4,31,95
5033,4,31,95
5034,4,31,95
5036,4,31,95
5038,4,31,95
5040,4,31,95
5043,4,31,95
5044,4,31,95
5045,4,31,95
5046,4,31,95
5048,4,31,95
5049,4,31,95
5055,4,31,95
5064,4,31,95
5065,4,31,95
5066,4,31,95
5067,4,31,95
5069,4,31,95
5072,4,31,95
5077,4,31,95
5078,4,31,95
5080,4,31,95
5090,4,31,101
5091,4,31,95
5093,4,31,101
5095,4,31,95
5100,4,31,101
5111,4,22,42
5116,4,31,101
5117,4,31,95
5118,4,29,85
5119,4,22,36
5122,4,31,101
5123,4,31,101
5124,4,31,95
5125,4,31,95
5126,4,31,95
5128,4,31,95
5130,4,31,101
5131,4,31,95
5139,4,31,101
5143,4,31,101
5155,4,24,50
5159,4,31,95
5179,4,22,42
5180,4,22,40
5181,4,22,40
5184,4,22,40
5185,4,22,40
5187,4,22,40
5188,4,22,43
5189,4,22,43
5190,4,22,43
5191,4,22,43
5193,4,22,43
5197,4,27,69
5203,4,22,37
5210,4,26,65
5211,4,22,42
5226,4,28,81
5228,4,22,36
5231,4,27,69
5238,4,22,40
5253,4,31,95
5259,4,31,95
5350,4,29,86
5351,4,28,80
5358,4,40,56
5378,4,28,92
5383,4,26,66
5384,4,26,66
5385,4,26,66
5386,4,26,66
5392,4,22,37
5400,4,24,50
5403,4,26,65
5445,4,27,69
5467,4,23,173
5491,4,21,33
5508,4,21,32
5513,4,22,36
5514,4,22,40
5519,4,22,40
5522,4,22,36
5525,4,22,40
5526,4,22,41
5527,4,22,36
5528,4,22,43
5530,4,22,43
5533,4,22,40
5535,4,22,36
5537,4,22,37
5541,4,22,43
5542,4,22,43
5543,4,22,43
5544,4,22,43
5545,4,22,43
5546,4,22,43
5548,4,22,43
5553,4,22,37
5561,4,22,43
5588,4,22,37
5596,4,22,40
5597,4,22,36
5613,4,23,48
5614,4,23,47
5615,4,23,44
5616,4,23,47
5619,4,23,173
5620,4,23,173
5621,4,23,173
5625,4,24,50
5626,4,24,50
5627,4,24,50
5629,4,24,50
5636,4,24,50
5637,4,29,54
5644,4,29,54
5654,4,24,50
5658,4,29,54
5670,4,24,50
5671,4,24,50
5673,4,24,50
5674,4,24,50
5694,4,25,134
5702,4,40,56
5705,4,40,56
5710,4,27,168
5711,4,40,58
5712,4,40,58
5761,4,40,55
5762,4,40,55
5763,4,40,55
5764,4,40,55
5767,4,40,56
5769,4,27,168
5770,4,25,61
5771,4,25,61
5772,4,25,61
5773,4,25,61
5775,4,40,55
5776,4,40,55
5777,4,40,55
5778,4,40,55
5779,4,40,55
5780,4,40,55
5781,4,40,55
5782,4,40,55
5783,4,27,168
5784,4,25,134
5785,4,40,55
5786,4,40,55
5788,4,25,134
5789,4,25,134
5790,4,25,134
5792,4,25,133
5794,4,25,133
5805,4,40,58
5806,4,40,58
5807,4,40,58
5813,4,40,58
5814,4,40,58
5818,4,40,58
5819,4,40,58
5828,4,40,56
5829,4,40,56
5830,4,40,56
5834,4,40,56
5837,4,27,168
5839,4,40,58
5841,4,40,58
5842,4,40,58
5846,4,22,99
5847,4,22,99
5849,4,26,68
5851,4,26,68
5854,4,26,64
5856,4,26,66
5858,4,26,66
5859,4,26,66
5861,4,26,66
5863,4,26,66
5865,4,26,66
5867,4,26,66
5883,4,26,68
5884,4,26,68
5885,4,26,68
5886,4,28,132
5928,4,26,64
5931,4,26,64
5942,4,26,65
5959,4,26,64
5967,4,26,65
6067,4,27,70
6071,4,42,174
6075,4,27,74
6083,4,27,74
6084,4,27,74
6085,4,27,74
6093,4,27,70
6095,4,42,174
6098,4,27,69
6103,4,27,69
6106,4,42,174
6112,4,42,174
6113,4,42,174
6116,4,42,174
6155,4,27,71
6159,4,27,71
6160,4,27,71
6193,4,27,75
6194,4,27,75
6200,4,27,72
6203,4,42,174
6204,4,27,73
6255,4,27,168
6263,4,27,69
6264,4,27,69
6265,4,27,74
6315,4,42,174
6323,4,27,71
6324,4,27,69
6332,4,42,176
6333,4,42,174
6341,4,27,71
6342,4,42,174
6352,4,27,75
6353,4,27,75
6355,4,27,75
6391,4,42,174
6393,4,42,174
6416,4,27,74
6417,4,27,74
6436,4,42,174
6438,4,42,174
6440,4,27,71
6479,4,27,72
6490,4,42,176
6505,4,28,77
6517,4,28,81
6519,4,28,80
6531,4,29,76
6539,4,23,44
6578,4,28,80
6579,4,28,80
6580,4,28,80
6581,4,28,80
6582,4,28,80
6583,4,28,81
6584,4,28,81
6585,4,28,80
6586,4,28,80
6589,4,29,85
6596,4,29,86
6605,4,29,86
6607,4,29,85
6615,4,29,86
6616,4,29,86
6621,4,29,88
6622,4,29,86
6623,4,29,86
6626,4,29,85
6627,4,29,85
6628,4,29,86
6629,4,29,86
6630,4,29,86
6636,4,28,110
6655,4,28,110
6658,4,28,110
6659,4,28,110
6679,4,28,92
6691,4,22,43
6692,4,28,110
6694,4,28,110
6706,4,22,37
6719,4,28,81
6763,4,26,66
6765,4,26,66
6766,4,26,66
6776,4,26,66
6780,4,26,66
6894,4,26,64
6969,4,22,43
6974,4,29,88
6978,4,31,95
6980,4,22,43
6982,4,23,48
6986,4,28,80
6988,4,31,101
6990,4,23,44
6991,4,23,44
7039,4,40,56
7042,4,26,64
7043,4,23,44
7087,4,40,58
7094,4,29,86
7095,4,26,68
7096,4,26,68
7098,4,26,68
7109,4,23,46
7110,4,23,48
7111,4,27,74
7134,4,28,80
7151,4,27,71
7152,4,22,36
7154,4,29,54
7158,4,22,40
7177,4,25,60
7181,4,40,56
7248,4,23,44
7250,4,26,64
7251,4,40,55
7254,4,26,68
7255,4,26,68
7258,4,23,173
7264,4,23,48
7265,4,28,80
7266,4,40,56
7267,4,27,71
7268,4,40,58
7271,4,22,37
7275,4,40,56
7276,4,40,56
7277,4,27,70
7280,4,29,54
7282,4,22,43
7312,4,29,85
7313,4,42,174
7384,4,29,54
7385,4,26,68
7386,4,26,65
7388,4,26,65
7393,4,27,69
7400,4,29,54
7401,4,27,69
7410,4,40,58
7413,4,40,169
7415,4,25,60
7438,4,27,69
7442,4,22,41
7446,4,22,41
7449,4,22,37
7450,4,22,40
7451,4,22,41
7457,4,22,42
7487,4,28,80
7488,4,26,64
7515,4,22,37
7518,4,40,55
7519,4,29,86
7521,4,42,174
7522,4,22,43
7523,4,29,86
7537,4,23,46
7538,4,23,46
7539,4,23,46
7540,4,23,47
7551,4,29,54
7552,4,27,74
7570,4,24,50
7571,4,42,175
7573,4,27,69
7574,4,27,69
7575,4,27,69
7576,4,27,69
7577,4,27,69
7579,4,27,69
7581,4,26,65
7582,4,22,99
7588,4,40,58
7592,4,22,40
7594,4,23,46
7596,4,23,44
7610,4,40,55
7626,4,24,50
7629,4,24,50
7636,4,27,75
7646,4,26,65
7649,4,22,43
7650,4,22,41
7651,4,22,36
7652,4,22,40
7653,4,22,40
7654,4,22,40
7655,4,22,40
7656,4,22,40
7657,4,22,43
7658,4,22,43
7659,4,22,43
7660,4,22,42
7689,4,42,174
7717,4,23,46
7738,4,22,36
7748,4,28,80
7759,4,28,92
7766,4,28,92
7770,4,28,92
7779,4,28,92
7785,4,28,92
7792,4,28,92
7807,4,26,68
7816,4,28,110
7823,4,40,55
7824,4,27,69
7836,4,28,110
7838,4,42,174
7843,4,40,55
7844,4,40,169
7858,4,27,69
7860,4,29,85
7881,4,42,176
7883,4,40,56
7884,4,26,68
7892,4,29,86
7895,4,28,81
7896,4,23,48
7900,4,26,65
7907,4,40,56
7916,4,27,74
7922,4,23,46
8015,4,29,85
8017,4,29,86
8021,4,28,81
8022,4,22,36
8023,4,29,86
8028,4,29,85
8029,4,29,85
8035,4,40,55
8036,4,27,69
8039,4,25,133
8043,4,26,64
8050,4,22,43
8055,4,29,86
8057,4,26,68
8079,4,23,46
8102,4,27,71
8103,4,40,58
8110,4,27,74
8112,4,27,69
8124,4,29,86
8125,4,29,86
8131,4,28,77
8132,4,23,46
8133,4,23,46
8134,4,23,46
8170,4,25,134
8171,4,25,134
8172,4,25,134
8174,4,22,43
8198,4,28,110
8210,4,27,71
8211,4,29,86
8220,4,29,86
8223,4,29,86
8229,4,29,86
8230,4,29,86
8231,4,29,86
8232,4,29,86
8248,4,29,85
8262,4,28,81
8264,4,31,101
8266,4,40,55
8268,4,27,74
8270,4,28,77
8306,4,27,74
8307,4,27,74
8308,4,27,74
8313,4,27,74
8318,4,27,74
8319,4,27,74
8324,4,27,74
8325,4,27,74
8328,4,27,74
8345,4,27,74
8347,4,27,74
8349,4,27,74
8351,4,27,74
8353,4,27,74
8354,4,27,74
8357,4,27,74
8358,4,27,74
8359,4,27,74
8362,4,27,74
8363,4,27,74
8364,4,27,74
8368,4,27,74
8376,4,27,69
8377,4,27,69
8378,4,42,174
8379,4,42,174
8395,4,42,174
8397,4,27,70
8405,4,22,40
8406,4,31,95
8407,4,31,101
8408,4,27,74
8409,4,25,134
8410,4,31,101
8448,4,29,86
8456,4,29,86
8457,4,29,86
8458,4,22,41
8463,4,40,56
8471,4,27,75
8480,4,29,86
8481,4,29,86
8487,4,29,76
8496,4,23,46
8507,4,23,48
8512,4,29,86
8513,4,29,86
8514,4,29,86
8516,4,42,175
8517,4,24,50
8518,4,24,50
8521,4,24,50
8523,4,24,50
8529,4,22,40
8530,4,28,80
8531,4,28,80
8532,4,28,80
8533,4,28,80
8536,4,40,56
8537,4,40,56
8539,4,27,74
8542,4,31,101
8543,4,31,101
8546,4,22,36
8548,4,23,173
8565,4,28,110
8566,4,28,110
8568,4,28,110
8569,4,29,86
8582,4,22,41
8583,4,22,41
8592,4,29,85
8593,4,22,42
8603,4,26,68
8616,4,27,74
8618,4,29,85
8619,4,29,76
8621,4,27,74
8668,4,40,56
8676,4,27,73
8678,4,27,73
8681,4,27,69
8682,4,27,69
8683,4,27,73
8684,4,42,175
8687,4,22,43
8691,4,27,73
8701,4,27,69
8702,4,27,69
8704,4,27,73
8708,4,27,75
8712,4,42,175
8713,4,27,71
8714,4,42,174
8716,4,27,69
8717,4,22,37
8728,4,40,56
8732,4,22,37
8733,4,22,37
8753,4,27,74
8764,4,21,34
8802,4,29,85
8803,4,22,42
8822,4,29,85
8882,4,40,58
8883,4,40,58
8884,4,29,86
8885,4,29,86
8901,4,24,50
8904,4,27,73
8911,4,31,95
8912,4,31,95
8914,4,31,95
8916,4,31,95
8917,4,31,95
8918,4,31,95
8921,4,31,95
8922,4,31,95
8923,4,31,95
8936,4,22,37
8937,4,22,37
8939,4,22,37
8940,4,22,37
8941,4,22,37
8942,4,22,37
8943,4,22,37
8944,4,22,37
8945,4,22,37
8946,4,22,37
8953,4,31,95
8954,4,31,95
8955,4,40,56
8956,4,40,56
8959,4,22,40
9103,4,27,69
9104,4,27,69
9105,4,27,69
9106,4,27,69
9107,4,25,133
9108,4,25,133
9109,4,25,133
9110,4,25,133
9111,4,25,133
9113,4,27,73
9115,4,25,134
9116,4,25,134
9117,4,25,134
9118,4,25,134
9149,4,22,40
9213,4,40,56
9214,4,25,133
9223,4,37,136
9224,4,37,136
9225,4,37,136
9227,4,37,136
9229,4,37,136
9230,4,37,136
9231,4,37,136
9233,4,37,136
9234,4,37,136
9235,4,37,136
9238,4,37,136
9239,4,37,136
9240,4,37,136
9241,4,37,136
9242,4,37,136
9244,4,37,136
9245,4,37,136
9246,4,37,136
9248,4,37,136
9249,4,37,136
9262,4,25,134
9263,4,23,48
9264,4,42,174
9266,4,29,88
9267,4,29,88
9269,4,29,86
9273,4,29,86
9276,4,28,110
9282,4,29,86
9284,4,40,56
9285,4,28,132
9291,4,27,72
9293,4,40,56
9294,4,40,56
9303,4,40,56
9306,4,26,68
9326,4,27,74
9328,4,23,48
9329,4,22,43
9337,4,23,48
9338,4,23,48
9339,4,23,48
9340,4,23,46
9346,4,40,55
9348,4,25,134
9349,4,25,134
9350,4,25,134
9355,4,42,174
9372,4,27,69
9373,4,27,69
9374,4,27,69
9376,4,27,69
9412,4,23,48
9418,4,42,176
9423,4,23,44
9425,4,25,134
9427,4,25,134
9436,4,26,64
9442,4,28,80
9477,4,40,56
9478,4,40,56
9480,4,29,88
9486,4,40,56
9493,4,23,173
9517,4,28,92
9521,4,27,74
9541,4,27,74
9544,4,21,32
9565,4,29,85
9568,4,42,176
9572,4,40,56
9623,4,23,44
9624,4,23,44
9626,4,23,48
9627,4,23,48
9628,4,23,48
9631,4,37,136
9632,4,37,136
9633,4,37,136
9634,4,37,136
9635,4,37,136
9636,4,37,131
9639,4,23,48
9642,4,23,48
9644,4,23,48
9645,4,23,48
9647,4,23,48
9652,4,24,50
9653,4,23,173
9697,4,26,65
9716,4,42,174
9720,4,27,72
9722,4,27,72
9728,4,27,72
9729,4,27,72
9730,4,27,72
9733,4,27,72
9734,4,26,64
9745,4,42,174
9746,4,42,174
9757,4,27,71
9768,4,27,75
9775,4,27,74
9776,4,27,74
9779,4,27,74
9781,4,27,74
9793,4,21,32
9796,4,21,32
9835,4,27,75
9836,4,27,75
9862,4,29,85
9879,4,26,68
9880,4,26,68
9881,4,26,68
9882,4,26,68
9883,4,26,68
9892,4,26,68
9908,4,26,64
9909,4,26,64
9917,4,28,110
9918,4,28,110
9919,4,28,110
9920,4,28,110
9921,4,28,110
9924,4,28,92
9926,4,28,110
9927,4,28,92
9928,4,28,92
9933,4,27,72
9935,4,27,72
9936,4,27,72
9937,4,27,72
9940,4,27,72
9941,4,27,72
9942,4,27,72
9943,4,27,72
9948,4,42,176
9950,4,42,176
9953,4,42,176
9956,4,27,70
9968,4,42,174
9969,4,42,174
9993,4,42,174
9995,4,28,92
9998,4,28,92
10003,4,28,92
10004,4,28,92
10005,4,28,92
10006,4,22,42
10014,4,26,68
10018,4,26,68
10025,4,26,68
10028,4,26,68
10038,4,25,133
10061,4,42,176
10065,4,42,176
10107,4,26,66
10108,4,26,66
10142,4,42,174
10145,4,31,101
10175,4,23,44
10184,4,22,37
10248,4,27,69
10249,4,26,64
10266,4,22,43
10267,4,22,43
10268,4,22,43
10269,4,22,43
10270,4,22,43
10271,4,22,43
10272,4,22,43
10273,4,22,43
10275,4,42,174
10276,4,42,174
10298,4,27,168
10304,4,28,79
10305,4,28,79
10306,4,28,110
10307,4,28,110
10308,4,28,110
10310,4,28,110
10311,4,28,110
10321,4,22,43
10327,4,28,110
10329,4,28,110
10342,4,28,110
10350,4,28,110
10351,4,24,167
10352,4,24,167
10370,4,29,54
10383,4,25,133
10387,4,25,133
10392,4,27,71
10403,4,29,86
10404,4,29,86
10406,4,29,86
10407,4,29,86
10408,4,42,174
10409,4,27,69
10410,4,27,69
10411,4,42,174
10421,4,40,58
10430,4,26,65
10431,4,26,65
10434,4,26,65
10435,4,26,65
10440,4,40,56
10442,4,27,72
10443,4,27,72
10446,4,40,58
10448,4,40,58
10451,4,40,58
10454,4,31,95
10462,4,27,74
10463,4,40,56
10465,4,26,68
10466,4,26,68
10471,4,26,68
10472,4,26,68
10605,4,22,41
10632,4,23,47
10662,4,26,65
10668,4,29,76
10670,4,28,77
10677,4,25,133
10681,4,42,176
10684,4,24,50
10693,4,29,85
10696,4,40,55
10708,4,37,136
10709,4,37,136
10710,4,37,136
10711,4,37,136
10712,4,37,136
10717,4,26,65
10725,4,27,71
10747,4,26,68
10766,4,40,56
10771,4,27,73
10821,4,29,54
10829,4,22,43
10834,4,26,65
10841,4,40,56
10854,4,29,86
10856,4,26,64
10859,4,40,155
10862,4,40,155
10863,4,27,71
10866,4,42,174
10869,4,28,92
10871,4,42,176
10872,4,40,55
10873,4,25,133
10875,4,25,133
10883,4,28,81
10884,4,28,81
10888,4,27,74
10890,4,40,56
10891,4,29,54
10896,4,29,54
10899,4,23,173
10900,4,23,173
10910,4,23,173
10935,4,22,43
10944,4,40,56
10946,4,25,134
10962,4,22,43
10964,4,27,70
10967,4,27,70
10971,4,27,70
10978,4,29,85
10997,4,28,92
10998,4,28,92
10999,4,28,92
11000,4,27,69
11001,4,42,174
11002,4,42,174
11005,4,40,55
11008,4,27,70
11021,4,27,69
11027,4,23,48
11070,4,22,43
11071,4,40,56
11091,4,31,95
11093,4,40,56
11094,4,29,86
11148,4,25,60
11149,4,29,88
11162,4,22,41
11163,4,22,41
11165,4,22,41
11166,4,42,174
11167,4,22,43
11171,4,29,76
11174,4,26,64
11180,4,26,64
11184,4,26,64
11194,4,29,86
11200,4,29,85
11202,4,42,174
11203,4,42,176
11204,4,42,174
11222,4,23,47
11223,4,23,44
11233,4,40,55
11236,4,29,85
11237,4,24,50
11239,4,22,43
11249,4,25,134
11280,4,31,101
11281,4,23,44
11309,4,29,86
11310,4,29,86
11311,4,29,86
11312,4,29,86
11313,4,29,86
11314,4,29,86
11322,4,29,85
11323,4,29,88
11324,4,29,86
11325,4,29,86
11326,4,29,86
11327,4,29,86
11328,4,29,86
11329,4,29,85
11331,4,29,86
11332,4,29,86
11333,4,29,86
11334,4,29,86
11335,4,29,86
11341,4,28,79
11377,4,29,86
11379,4,22,43
11380,4,22,43
11392,4,25,133
11393,4,25,133
11398,4,25,133
11399,4,25,133
11400,4,25,133
11402,4,25,134
11408,4,29,86
11410,4,29,86
11411,4,29,86
11412,4,29,86
11415,4,29,86
11416,4,29,86
11418,4,29,85
11421,4,31,101
11422,4,28,77
11424,4,40,155
11425,4,27,71
11433,4,28,81
11440,4,27,73
11441,4,42,176
11442,4,29,86
11443,4,29,86
11445,4,29,86
11446,4,27,71
11448,4,26,68
11449,4,26,68
11450,4,26,68
11451,4,26,68
11452,4,26,68
11453,4,26,68
11454,4,26,68
11455,4,26,68
11461,4,29,86
11462,4,29,86
11463,4,29,86
11464,4,29,86
11465,4,29,86
11466,4,29,88
11478,4,40,58
11479,4,40,55
11481,4,40,58
11504,4,40,56
11506,4,40,56
11515,4,26,68
11520,4,28,81
11521,4,28,81
11524,4,40,56
11526,4,29,76
11531,4,29,76
11537,4,26,65
11539,4,26,65
11540,4,26,65
11541,4,26,65
11543,4,26,65
11544,4,26,65
11546,4,26,65
11548,4,29,54
11549,4,29,54
11553,4,22,43
11554,4,22,43
11555,4,40,55
11556,4,42,174
11561,4,27,74
11562,4,29,85
11564,4,40,56
11565,4,40,56
11568,4,22,41
11579,4,42,174
11582,4,40,55
11585,4,42,174
11587,4,42,174
11594,4,27,70
11595,4,28,132
11596,4,22,43
11597,4,22,43
11598,4,22,43
11599,4,22,43
11600,4,22,43
11603,4,29,85
11604,4,29,85
11605,4,29,85
11612,4,22,40
11613,4,22,37
11614,4,28,81
11616,4,28,81
11626,4,27,73
11628,4,27,73
11650,4,40,55
11651,4,40,55
11652,4,40,55
11654,4,27,73
11657,4,40,56
11658,4,28,77
11664,4,42,175
11666,4,42,175
11667,4,42,175
11672,4,25,134
11678,4,22,41
11690,4,24,50
11691,4,24,50
11692,4,24,50
11694,4,24,50
11695,4,24,50
11696,4,24,50
11701,4,40,55
11702,4,25,61
11712,4,22,41
11714,4,22,41
11715,4,26,68
11717,4,27,69
11719,4,27,69
11724,4,29,85
11726,4,29,54
11732,4,29,86
11737,4,28,92
11746,4,22,43
11747,4,22,43
11748,4,42,174
11751,4,26,64
11752,4,26,64
11753,4,26,64
11754,4,26,64
11758,4,42,176
11759,4,42,176
11762,4,42,176
11763,4,27,69
11766,4,27,69
11769,4,27,71
11776,4,25,133
11787,4,21,32
11791,4,42,174
11792,4,42,174
11793,4,27,73
11794,4,27,73
11797,4,27,73
11798,4,27,73
11802,4,26,64
11808,4,26,65
11810,4,26,65
11811,4,26,64
11816,4,26,65
11819,4,27,71
11820,4,27,71
11822,4,40,155
11823,4,27,73
11824,4,42,174
11827,4,27,74
11835,4,26,68
11843,4,29,54
11849,4,22,37
11850,4,22,37
11851,4,22,37
11852,4,24,50
11853,4,24,50
11854,4,27,69
11855,4,27,69
11857,4,40,58
11861,4,26,64
11864,4,29,85
11868,4,22,37
11869,4,22,37
11870,4,28,81
11871,4,28,81
11874,4,42,174
11877,4,42,174
11878,4,40,56
11879,4,40,56
11880,4,40,56
11881,4,40,56
11882,4,40,56
11883,4,29,54
11888,4,22,43
11892,4,29,85
11896,4,28,92
11898,4,42,174
11900,4,42,174
11901,4,42,174
11903,4,26,65
11907,4,28,80
11908,4,28,80
11918,4,27,72
11919,4,27,72
11920,4,27,72
11921,4,28,92
11946,4,40,58
11947,4,40,58
11972,4,29,54
11981,4,28,92
11982,4,28,92
11983,4,28,92
11984,4,28,92
11986,4,28,92
12014,4,28,92
12018,4,26,65
12028,4,27,72
12069,4,23,46
12081,4,40,55
12092,4,25,134
12101,4,40,55
12102,4,27,72
12110,4,29,76
12152,4,40,56
12153,4,40,56
12250,4,24,50
12251,4,24,50
12252,4,24,50
12253,4,24,50
12272,4,29,86
12273,4,29,86
12278,4,28,81
12317,4,42,174
12319,4,42,174
12341,4,23,44
12345,4,27,74
12347,4,31,101
12385,4,23,48
12393,4,26,66
12394,4,26,66
12399,4,26,64
12400,4,26,64
12401,4,26,64
12402,4,26,64
12403,4,26,64
12428,4,40,55
12429,4,40,55
12453,4,24,49
12454,4,24,49
12456,4,24,49
12459,4,24,49
12464,4,37,136
12466,4,37,136
12470,4,22,43
12471,4,42,174
12478,4,28,110
12482,4,25,134
12489,4,28,81
12490,4,40,56
12514,4,22,43
12515,4,22,43
12524,4,27,74
12525,4,27,74
12526,4,27,74
12527,4,27,74
12567,4,27,70
12568,4,27,70
12569,4,27,70
12571,4,22,43
12572,4,22,43
12574,4,22,43
12575,4,22,43
12576,4,22,43
12577,4,22,43
12602,4,27,73
12613,4,40,56
12620,4,27,73
12623,4,25,134
12635,4,40,56
12637,4,27,74
12642,4,27,71
12649,4,27,71
12651,4,27,71
12653,4,27,73
12658,4,27,69
12659,4,42,175
12684,4,28,80
12690,4,22,41
12713,4,27,73
12716,4,42,174
12723,4,28,92
12724,4,28,80
12736,4,27,69
12737,4,42,174
12740,4,28,79
12741,4,28,79
12742,4,28,79
12744,4,28,79
12745,4,28,79
12747,4,28,110
12748,4,28,110
12749,4,28,110
12751,4,24,167
12760,4,26,64
12761,4,26,64
12769,4,27,71
12784,4,27,71
12796,4,27,74
12822,4,22,43
12825,4,25,129
12826,4,25,129
12827,4,22,36
12845,4,24,50
12849,4,27,69
12850,4,42,174
12851,4,42,174
12867,4,28,81
12874,4,22,43
12897,4,28,81
12898,4,28,81
12899,4,28,81
12900,4,28,80
12901,4,27,72
12903,4,27,72
12913,4,42,176
12914,4,27,70
12916,4,28,92
12917,4,28,92
12919,4,28,92
12936,4,26,65
12963,4,23,48
12992,4,22,43
13055,4,23,44
13056,4,23,44
13060,4,23,44
13226,4,27,168
13227,4,27,168
13228,4,27,168
13229,4,27,168
13230,4,27,168
13231,4,27,168
13232,4,27,168
13233,4,27,168
13234,4,27,168
13235,4,27,168
13236,4,27,168
13238,4,27,168
13240,4,27,168
13242,4,27,168
13378,4,27,74
13508,4,26,65
13509,4,23,46
13511,4,29,86
13512,4,26,65
13514,4,26,65
13515,4,26,65
13518,4,23,47
13520,4,26,65
13521,4,29,88
13530,4,23,47
13535,4,26,65
13542,4,23,173
13548,4,40,169
13549,4,40,169
13550,4,40,169
13551,4,40,169
13580,4,40,58
13582,4,40,58
13584,4,40,55
13585,4,40,58
13586,4,40,58
13587,4,40,58
13591,4,25,129
13592,4,25,129
13602,4,26,64
13605,4,26,64
13608,4,26,64
13627,4,40,58
13933,4,26,66
13938,4,27,69
13939,4,27,69
13992,4,40,55
14000,4,40,56
14005,4,40,56
14006,4,40,56
14007,4,40,56
14033,4,22,36
14035,4,24,167
14093,4,22,37
14104,4,27,74
14106,4,27,74
14141,4,22,43
14142,4,22,43
14143,4,22,43
14144,4,22,43
14146,4,22,43
14148,4,22,43
14152,4,22,43
14157,4,22,43
14159,4,22,43
14161,4,22,43
14162,4,40,55
14164,4,40,58
14190,4,24,50
14191,4,24,50
14192,4,24,50
14193,4,24,50
14240,4,23,48
14241,4,40,58
14243,4,40,58
14244,4,40,58
14245,4,40,55
14246,4,40,55
14247,4,40,55
14248,4,40,55
14249,4,40,55
14250,4,40,58
14253,4,40,55
14254,4,40,55
14255,4,40,55
14256,4,40,55
14257,4,40,58
14258,4,40,58
14259,4,40,58
14260,4,40,58
14268,4,23,48
14282,4,28,81
14288,4,28,81
14310,4,26,68
14314,4,26,65
14321,4,28,92
14322,4,28,92
14327,4,26,65
14605,4,29,86
14609,4,29,86
14610,4,29,86
14646,4,27,69
14672,4,27,71
14674,4,27,73
14676,4,42,174
14682,4,27,73
14683,4,27,73
14684,4,22,37
14688,4,42,176
14689,4,42,176
14698,4,28,110
14722,4,26,64
14723,4,26,64
14724,4,26,64
14725,4,26,64
14726,4,29,86
14728,4,23,46
14732,4,28,81
14733,4,28,81
14734,4,28,81
14735,4,28,77
14736,4,28,77
14737,4,28,77
14738,4,28,77
14887,4,27,71
14910,4,22,43
14913,4,22,42
14915,4,22,42
14919,4,22,43
14920,4,22,43
14921,4,22,42
14996,4,22,37
14998,4,22,37
15000,4,22,37
15002,4,28,81
15006,4,22,37
15007,4,22,37
15008,4,26,68
15011,4,26,68
15012,4,26,68
15013,4,26,68
15014,4,26,68
15017,4,26,68
15018,4,26,68
15026,4,26,68
15027,4,22,37
15036,4,40,155
15037,4,40,155
15038,4,40,56
15087,4,27,73
15088,4,27,73
15110,4,28,80
15111,4,28,80
15112,4,28,80
15113,4,28,80
15128,4,26,135
15272,4,28,110
15273,4,28,110
15281,4,28,92
15366,4,28,92
15514,4,24,50
15515,4,24,50
15655,4,40,55
15656,4,27,69
15661,4,27,69
15677,4,27,168
15691,4,27,72
15696,4,27,72
15701,4,27,168
15730,4,25,60
15731,4,25,60
15732,4,25,60
15733,4,25,60
15735,4,25,60
15737,4,25,60
15738,4,25,60
15739,4,25,60
15742,4,25,60
15743,4,25,60
15744,4,25,60
15746,4,25,60
15828,4,22,99
15829,4,22,99
15830,4,22,99
15831,4,22,99
15833,4,22,99
15834,4,22,99
15841,4,22,99
15842,4,28,132
15845,4,28,132
15846,4,28,132
15847,4,22,99
15849,4,28,80
15850,4,22,99
15851,4,22,99
15852,4,22,99
15855,4,22,99
15856,4,22,99
15858,4,23,47
15861,4,23,47
15862,4,23,47
15864,4,23,48
15865,4,23,47
15867,4,23,48
15868,4,23,48
15869,4,23,45
15870,4,23,45
15873,4,23,46
15875,4,23,44
15876,4,23,46
15877,4,23,46
15879,4,23,46
15883,4,22,37
15884,4,22,37
15885,4,22,37
15886,4,22,37
15888,4,22,37
15889,4,22,37
15890,4,22,37
15891,4,23,44
15892,4,23,44
15893,4,23,44
15894,4,23,47
15895,4,22,37
15978,4,24,52
15979,4,24,52
15981,4,24,52
15982,4,24,52
15983,4,24,52
15985,4,24,52
16068,4,26,64
16073,4,26,64
16074,4,26,64
16075,4,26,64
16079,4,26,64
16129,4,22,41
16130,4,22,41
16131,4,22,41
16132,4,22,41
16133,4,22,41
16134,4,22,41
16135,4,22,41
16136,4,22,41
16138,4,22,41
16139,4,22,41
16140,4,22,41
16141,4,22,36
16142,4,22,36
16143,4,22,36
16148,4,24,49
16151,4,24,49
16152,4,24,49
16156,4,24,49
16157,4,24,49
16307,4,22,36
16311,4,22,36
16313,4,22,37
16360,4,26,65
16365,4,22,99
16366,4,22,99
16367,4,22,99
16368,4,22,99
16369,4,22,99
16370,4,22,99
16371,4,22,99
16372,4,22,99
16373,4,22,99
16374,4,22,99
16375,4,22,99
16376,4,22,99
16377,4,22,99
16379,4,28,77
16380,4,28,77
16383,4,23,48
16384,4,29,54
16386,4,29,85
16387,4,22,37
16388,4,22,41
16389,4,22,41
16390,4,22,41
16391,4,22,41
16392,4,22,41
16393,4,22,36
16394,4,22,36
16395,4,22,36
16396,4,22,36
16397,4,22,36
16398,4,22,36
16399,4,22,36
16400,4,22,36
16401,4,22,36
16402,4,22,36
16403,4,22,36
16404,4,22,36
16405,4,22,36
16411,4,22,99
16412,4,22,41
16414,4,22,42
16415,4,22,42
16416,4,22,42
16417,4,22,42
16418,4,22,42
16419,4,22,42
16420,4,22,40
16421,4,22,40
16422,4,22,40
16423,4,22,40
16424,4,22,40
16425,4,22,40
16426,4,22,40
16427,4,22,40
16428,4,22,40
16429,4,22,40
16430,4,22,40
16431,4,22,40
16432,4,22,40
16433,4,22,40
16434,4,22,40
16435,4,22,40
16436,4,22,40
16437,4,22,40
16438,4,22,40
16439,4,22,40
16440,4,22,43
16441,4,22,43
16442,4,22,43
16443,4,22,43
16444,4,22,43
16446,4,22,43
16447,4,22,43
16448,4,22,43
16449,4,22,43
16450,4,22,43
16451,4,22,43
16452,4,22,43
16453,4,22,43
16454,4,22,43
16455,4,22,43
16456,4,22,43
16457,4,22,43
16458,4,22,43
16459,4,22,43
16460,4,22,43
16461,4,22,43
16462,4,22,43
16463,4,22,43
16464,4,24,167
16465,4,24,167
16468,4,22,42
16469,4,22,42
16470,4,22,42
16472,4,22,40
16473,4,22,40
16474,4,22,40
16475,4,22,40
17412,4,40,56
17502,4,22,37
17503,4,22,37
17504,4,22,37
17526,4,26,64
17530,4,26,64
17535,4,23,46
17536,4,23,45
17538,4,23,45
17540,4,23,44
17541,4,23,48
17543,4,23,48
17544,4,26,64
17633,4,23,45
17634,4,23,45
17636,4,23,44
17637,4,23,44
17638,4,23,44
17639,4,23,44
17640,4,23,45
17641,4,23,48
17642,4,23,44
17643,4,23,44
17644,4,23,44
17645,4,23,44
17646,4,23,44
17647,4,23,44
17648,4,23,44
17649,4,23,44
17651,4,23,44
17652,4,23,44
17653,4,23,48
17654,4,23,48
17655,4,23,48
17656,4,23,48
17657,4,23,48
17658,4,23,48
17659,4,23,48
17660,4,23,48
17661,4,23,48
17662,4,23,48
17664,4,23,48
17666,4,23,48
17667,4,23,48
17750,4,26,68
17927,4,25,60
17928,4,23,47
17929,4,23,47
17931,4,23,47
17932,4,23,47
17934,4,23,48
17935,4,23,48
17944,4,31,116
17945,4,31,116
17946,4,31,116
17947,4,31,116
17952,4,26,68
17954,4,26,68
17955,4,26,68
17957,4,26,68
17961,4,40,155
17962,4,40,155
17963,4,40,155
18006,4,26,64
18058,4,27,73
18061,4,29,86
18067,4,26,68
18068,4,26,68
18069,4,26,68
18070,4,26,68
18071,4,26,68
18072,4,26,68
18091,4,26,65
18259,4,40,55
18306,4,28,80
18315,4,28,92
18316,4,23,48
18317,4,23,48
18318,4,28,92
18319,4,28,92
18320,4,28,92
18322,4,28,92
18324,4,23,48
18326,4,23,48
18352,4,24,50
18353,4,24,50
18354,4,24,50
18372,4,28,77
18445,4,27,168
18450,4,27,69
18497,4,40,55
18509,4,25,134
18512,4,25,134
18516,4,25,134
18517,4,25,134
18518,4,25,134
18520,4,25,134
18527,4,25,134
18531,4,25,134
18535,4,25,134
19340,4,27,75
19342,4,27,75
19343,4,27,75
19350,4,27,74
19352,4,27,74
19354,4,27,74
19361,4,27,71
19372,4,42,174
19373,4,42,174
19375,4,42,174
19376,4,42,174
19377,4,42,174
19378,4,27,74
19379,4,27,75
19380,4,40,56
19381,4,42,174
19382,4,42,174
19383,4,42,174
19384,4,42,174
19389,4,21,32
19390,4,21,32
19391,4,27,72
19397,4,27,72
19404,4,21,32
19405,4,21,32
19406,4,21,32
19408,4,21,32
19409,4,21,32
19410,4,21,32
19411,4,21,32
19416,4,21,32
19418,4,21,32
19419,4,21,32
19422,4,21,32
19424,4,27,75
19426,4,27,73
19428,4,27,75
19430,4,27,75
19431,4,27,75
19435,4,27,74
19447,4,40,56
19448,4,40,56
19449,4,40,56
19450,4,40,56
19451,4,40,56
19452,4,40,56
19455,4,40,56
19467,4,27,74
19474,4,27,74
19501,4,29,85
19503,4,29,85
19505,4,29,85
19524,4,29,85
19526,4,29,85
19543,4,28,92
19550,4,26,68
19551,4,26,68
19552,4,26,68
19553,4,26,68
19554,4,26,68
19555,4,26,68
19556,4,26,68
19557,4,26,68
19558,4,26,68
19559,4,26,68
19561,4,26,68
19562,4,26,68
19563,4,26,68
19565,4,26,68
19566,4,26,68
19571,4,29,54
19636,4,26,68
19638,4,26,68
19639,4,26,68
19648,4,26,68
19653,4,26,68
19654,4,26,68
19655,4,26,68
19658,4,23,48
19740,4,40,155
19748,4,40,155
19871,4,24,50
19872,4,24,50
19873,4,24,50
19874,4,24,50
19875,4,24,50
19876,4,24,50
19877,4,24,50
19878,4,24,50
19880,4,24,50
19881,4,29,76
20108,4,27,74
20126,4,27,74
20127,4,27,74
20130,4,27,74
20136,4,27,69
20137,4,27,69
20143,4,27,73
20171,4,28,92
20185,4,29,86
20186,4,26,135
20371,4,24,50
20372,4,24,50
20411,4,29,54
20412,4,29,54
20413,4,29,54
20414,4,27,70
20415,4,29,54
20416,4,29,54
20417,4,21,31
20418,4,40,56
20419,4,40,55
20420,4,40,55
20421,4,40,55
20422,4,40,55
20423,4,42,174
20424,4,42,174
20425,4,27,73
20426,4,28,77
20427,4,27,71
20428,4,27,71
20434,4,27,71
20436,4,27,69
20437,4,42,174
20438,4,27,74
20440,4,42,175
20441,4,40,56
20442,4,40,56
20443,4,27,71
20444,4,27,71
20445,4,27,71
20514,4,26,65
20517,4,26,65
20528,4,26,65
20578,4,23,48
20579,4,23,48
20580,4,23,48
20581,4,23,48
20582,4,23,48
20583,4,23,48
20624,4,28,92
20629,4,40,155
20630,4,40,155
20631,4,40,155
20632,4,40,155
20637,4,27,71
20684,4,40,169
20700,4,28,77
20767,4,28,80
20768,4,28,80
20769,4,28,80
20770,4,28,80
20772,4,29,86
20836,4,28,110
20838,4,28,110
20840,4,28,110
20842,4,29,86
20844,4,29,86
20885,4,40,155
20986,4,40,155
21013,4,29,86
21101,4,28,110
21102,4,28,110
21103,4,28,110
21104,4,31,116
21105,4,23,45
21106,4,31,116
21107,4,29,54
21108,4,29,54
21124,4,26,64
21125,4,26,64
21132,4,26,64
21133,4,26,64
21134,4,26,64
21136,4,26,65
21141,4,40,55
21165,4,22,43
21166,4,22,43
21167,4,22,43
21168,4,22,43
21169,4,22,43
21170,4,22,43
21171,4,22,43
21172,4,22,43
21173,4,22,43
21174,4,22,43
21175,4,22,43
21176,4,22,43
21177,4,22,43
21178,4,22,43
21179,4,22,43
21180,4,22,43
21181,4,22,43
21182,4,22,43
21205,4,22,41
21207,4,22,41
21211,4,22,41
21398,4,26,135
21413,4,28,77
21464,4,26,68
21545,4,28,110
21692,4,40,155
21733,4,22,40
21734,4,22,40
21735,4,22,40
21736,4,22,40
21737,4,22,40
21738,4,22,40
21739,4,22,40
21740,4,22,40
21741,4,22,40
21742,4,22,40
21743,4,22,40
21744,4,22,40
21745,4,22,40
21746,4,22,40
21747,4,22,40
21748,4,22,40
21749,4,22,40
21750,4,22,40
21751,4,22,40
21752,4,22,40
21753,4,22,40
21754,4,22,40
21755,4,22,40
21756,4,22,40
21757,4,22,40
21758,4,22,40
21759,4,22,99
21760,4,22,99
21761,4,22,40
21762,4,22,40
21763,4,22,40
21764,4,22,40
21765,4,22,40
21766,4,22,40
21767,4,22,40
21768,4,22,40
21769,4,24,50
21770,4,24,50
21771,4,22,40
21772,4,22,40
21773,4,22,40
21774,4,22,40
21775,4,22,40
21776,4,22,40
21777,4,22,40
21778,4,22,40
21779,4,22,40
21780,4,22,40
21781,4,22,40
21782,4,22,42
21783,4,22,42
21784,4,22,41
21785,4,22,41
21786,4,22,41
21787,4,22,41
21788,4,22,41
21789,4,22,41
21790,4,22,41
21791,4,22,41
21792,4,22,41
21793,4,22,41
21794,4,22,41
21795,4,22,41
21796,4,22,41
21797,4,22,41
21798,4,22,41
21799,4,22,41
21800,4,24,50
21801,4,24,167
21802,4,24,167
21803,4,24,167
21804,4,22,36
21805,4,22,36
21806,4,22,36
21807,4,22,36
21808,4,22,36
21809,4,22,36
21810,4,22,36
21811,4,22,36
21812,4,22,36
21813,4,22,36
21814,4,22,36
21815,4,22,36
21816,4,22,36
21917,4,24,50
21918,4,24,50
21919,4,24,50
21920,4,24,50
21921,4,24,50
21922,4,26,65
21923,4,26,65
21924,4,26,65
21925,4,26,65
21926,4,26,65
21927,4,26,65
21928,4,28,81
21929,4,26,64
21930,4,26,64
21931,4,26,64
21932,4,26,64
21933,4,26,64
21934,4,26,64
21935,4,23,46
21936,4,23,46
22067,4,26,68
22068,4,26,68
22069,4,26,68
22070,4,26,68
22071,4,26,68
22072,4,26,68
22073,4,26,68
22074,4,26,68
22075,4,26,68
22076,4,26,68
22077,4,26,68
22078,4,26,68
22079,4,26,68
22113,4,26,68
22115,4,26,68
22117,4,26,68
22119,4,26,68
22124,4,26,68
22126,4,26,68
22130,4,26,68
22146,4,26,68
22175,4,29,86
22176,4,29,86
22177,4,29,86
22178,4,29,86
22179,4,42,176
22180,4,42,176
22181,4,42,176
22254,4,29,86
22640,4,26,65
22641,4,26,65
22642,4,26,65
22643,4,26,65
22679,4,24,167
22685,4,22,40
22837,4,28,79
22838,4,28,79
22840,4,28,79
22841,4,28,79
22975,4,28,92
22995,4,28,110
22996,4,28,110
22997,4,28,110
23017,4,22,43
23018,4,22,43
23019,4,22,43
23144,4,23,46
23145,4,23,46
23146,4,23,46
23184,4,29,85
23199,4,22,43
23200,4,22,43
23201,4,22,43
23202,4,22,43
23203,4,22,43
23204,4,22,43
23205,4,22,43
23206,4,22,43
23207,4,22,42
23208,4,22,43
23209,4,22,43
23210,4,22,43
23211,4,22,43
23212,4,22,43
23213,4,22,43
23214,4,22,43
23215,4,22,43
23216,4,22,43
23217,4,22,43
23218,4,22,43
23219,4,22,43
23220,4,22,43
23221,4,22,43
23222,4,22,43
23223,4,22,43
23224,4,22,43
23225,4,22,43
23226,4,22,43
23227,4,22,43
23228,4,22,43
23229,4,22,43
23230,4,22,43
23231,4,22,43
23232,4,22,40
23233,4,22,42
23234,4,22,42
23235,4,22,43
23236,4,22,43
23239,4,22,43
23240,4,22,43
23241,4,22,43
23242,4,22,43
23243,4,22,43
23244,4,22,43
23245,4,22,43
23246,4,22,43
23247,4,22,43
23248,4,22,43
23249,4,22,43
23250,4,22,43
23251,4,22,43
23252,4,22,43
23253,4,22,43
23254,4,22,43
23255,4,22,43
23256,4,22,43
23257,4,22,43
23258,4,22,43
23259,4,22,43
23260,4,22,43
23261,4,22,43
23262,4,22,43
23263,4,22,43
23264,4,22,40
23265,4,22,40
23266,4,22,40
23267,4,22,40
23268,4,22,43
23269,4,22,43
23270,4,22,43
23271,4,22,43
23272,4,22,43
23273,4,22,43
23274,4,22,43
23435,4,23,48
23436,4,23,48
23439,4,24,50
23440,4,24,50
23473,4,27,69
23524,4,26,64
23529,4,29,85
23531,4,29,85
23532,4,29,85
23536,4,29,85
23543,4,29,85
23545,4,29,85
23546,4,29,85
23685,4,28,110
23690,4,26,68
23691,4,26,68
23692,4,26,68
23693,4,26,68
23717,4,29,85
23718,4,29,88
23719,4,29,88
23760,4,22,40
23761,4,22,40
23762,4,22,40
23763,4,22,40
23764,4,22,40
23766,4,22,36
23768,4,22,43
23769,4,22,43
23772,4,22,43
23776,4,22,43
23777,4,22,43
23778,4,22,43
23779,4,22,43
23780,4,22,43
23829,4,24,52
24078,4,29,86
24194,4,29,86
24195,4,29,86
24196,4,29,86
24198,4,29,86
24199,4,29,86
24200,4,29,86
24201,4,29,86
24345,4,28,92
24386,4,26,68
24405,4,23,46
24406,4,23,46
24407,4,23,48
24477,4,27,73
24478,4,27,69
24479,4,27,73
24480,4,28,77
24482,4,27,69
24484,4,27,69
24488,4,27,71
24638,4,23,47
24639,4,23,47
24640,4,23,47
24641,4,23,47
24642,4,23,47
24643,4,23,47
24644,4,23,47
24645,4,23,48
24646,4,23,48
24647,4,23,48
24648,4,23,46
24649,4,23,46
24650,4,23,46
24651,4,23,46
24652,4,23,46
24653,4,23,46
24654,4,23,45
24655,4,23,45
24656,4,22,37
24657,4,22,37
24658,4,22,37
24659,4,22,37
24660,4,22,37
24759,4,24,49
24760,4,24,49
24761,4,24,49
24762,4,24,49
24763,4,24,49
24764,4,24,49
24765,4,24,49
24766,4,24,49
24767,4,24,49
24768,4,24,49
24769,4,24,49
24976,4,31,116
25007,4,24,49
25008,4,24,49
25009,4,24,49
25010,4,24,49
25011,4,24,49
25012,4,24,49
25013,4,24,49
25018,4,26,68
25019,4,26,68
25020,4,28,80
25021,4,26,68
25022,4,26,68
25039,4,28,92
25048,4,23,46
25049,4,23,48
25050,4,23,46
25051,4,23,46
25052,4,23,46
25053,4,23,45
25054,4,23,45
25055,4,23,45
25056,4,23,46
25057,4,23,46
25073,4,29,88
25090,4,24,52
25091,4,24,52
25092,4,24,52
25093,4,24,52
25094,4,24,52
25095,4,24,52
25096,4,24,52
25097,4,24,52
25098,4,24,52
25099,4,24,52
25100,4,24,52
25121,4,29,85
25122,4,29,85
25124,4,29,85
25125,4,29,85
25129,4,23,46
25130,4,23,46
25131,4,23,46
25132,4,26,65
25133,4,42,174
25134,4,27,69
25135,4,27,71
25136,4,27,70
25137,4,40,56
25138,4,42,174
25139,4,27,69
25140,4,27,69
25141,4,40,56
25143,4,27,70
25144,4,27,70
25145,4,27,70
25150,4,26,68
25151,4,26,68
25152,4,26,68
25153,4,26,68
25154,4,26,68
25155,4,26,68
25156,4,26,68
25157,4,26,68
25158,4,28,80
25159,4,26,68
25160,4,26,68
25161,4,29,85
25163,4,29,88
25164,4,29,85
25178,4,29,85
25179,4,29,85
25180,4,29,85
25181,4,29,85
25185,4,29,86
25186,4,29,86
25201,4,29,86
25203,4,29,86
25204,4,29,86
25205,4,29,86
25206,4,29,86
25207,4,29,86
25208,4,29,86
25209,4,29,85
25210,4,29,85
25211,4,29,85
25212,4,26,68
25213,4,26,68
25214,4,29,85
25215,4,29,85
25216,4,29,85
25217,4,29,85
25218,4,29,85
25219,4,29,85
25220,4,26,68
25221,4,26,68
25222,4,29,85
25223,4,24,50
25224,4,26,65
25225,4,26,65
25226,4,26,65
25227,4,28,110
25257,4,26,68
25269,4,29,88
25275,4,23,48
25277,4,23,48
25304,4,23,47
25305,4,23,47
25306,4,23,47
25307,4,23,47
25308,4,23,47
25309,4,23,47
25310,4,23,47
25311,4,23,47
25312,4,23,47
25313,4,23,48
25314,4,23,48
25315,4,23,48
25316,4,23,48
25317,4,23,48
25318,4,23,46
25319,4,23,46
25320,4,23,46
25321,4,23,46
25322,4,26,135
25323,4,26,135
25324,4,26,135
25325,4,23,45
25326,4,23,45
25327,4,23,45
25328,4,23,45
25329,4,23,45
25330,4,23,45
25331,4,22,37
25332,4,22,37
25333,4,22,37
25334,4,22,37
25335,4,22,37
25336,4,22,37
25337,4,22,37
25338,4,22,37
25339,4,22,37
25340,4,22,37
25341,4,23,44
25342,4,23,44
25343,4,23,44
25344,4,28,110
25345,4,28,110
25346,4,23,46
25347,4,29,86
25350,4,29,86
25351,4,29,86
25354,4,29,86
25356,4,29,86
25359,4,29,86
25361,4,29,86
25381,4,29,86
25382,4,29,86
25383,4,29,86
25384,4,29,86
25385,4,29,86
25399,4,26,66
25400,4,26,68
25411,4,29,85
25412,4,29,85
25413,4,29,85
25414,4,29,85
25415,4,29,85
25421,4,40,169
25422,4,40,169
25423,4,40,169
25424,4,40,169
25428,4,23,47
25429,4,23,173
25430,4,23,173
25431,4,23,173
25432,4,23,173
25433,4,23,173
25434,4,23,173
25435,4,23,173
25436,4,23,173
25451,4,23,47
25452,4,23,47
25453,4,23,47
25454,4,23,47
25455,4,23,47
25456,4,23,46
25457,4,23,46
25458,4,23,48
25459,4,23,48
25460,4,23,48
25461,4,23,48
25462,4,23,48
25463,4,23,48
25464,4,23,45
25465,4,23,45
25466,4,23,48
25467,4,23,48
25468,4,23,48
25469,4,23,46
25470,4,23,46
25471,4,23,46
25472,4,23,46
25473,4,23,46
25474,4,23,46
25475,4,23,46
25476,4,23,46
25477,4,23,46
25481,4,29,86
25483,4,26,68
25485,4,26,68
25496,4,31,101
25509,4,29,76
25513,4,27,69
25514,4,27,69
25515,4,27,69
25516,4,27,69
25517,4,27,69
25518,4,27,69
25519,4,27,69
25520,4,27,69
25523,4,23,47
25524,4,23,47
25575,4,23,47
25576,4,22,37
25577,4,22,37
25578,4,22,37
25580,4,31,95
25581,4,31,95
25582,4,22,37
25583,4,22,37
25588,4,42,176
25589,4,23,46
25597,4,42,176
25603,4,22,40
25604,4,22,40
25605,4,22,40
25606,4,22,40
25607,4,22,40
25608,4,22,40
25609,4,22,40
25610,4,22,40
25611,4,22,40
25612,4,22,40
25613,4,22,40
25614,4,22,40
25615,4,22,99
25616,4,22,99
25617,4,22,40
25618,4,22,40
25619,4,22,40
25620,4,22,40
25621,4,22,36
25622,4,22,40
25623,4,22,40
25624,4,22,36
25625,4,22,36
25626,4,22,36
25627,4,22,36
25628,4,22,36
25629,4,22,36
25630,4,22,36
25631,4,22,36
25632,4,22,36
25633,4,22,36
25634,4,22,36
25635,4,22,36
25636,4,22,36
25637,4,22,43
25638,4,22,43
25639,4,22,43
25640,4,22,43
25641,4,22,43
25642,4,22,43
25643,4,22,43
25644,4,22,43
25645,4,22,43
25646,4,22,43
25647,4,22,43
25648,4,22,43
25649,4,22,43
25650,4,22,43
25651,4,22,43
25652,4,22,43
25653,4,22,43
25654,4,22,43
25655,4,22,43
25656,4,22,43
25657,4,22,43
25658,4,22,43
25659,4,22,43
25660,4,22,43
25661,4,22,43
25662,4,22,43
25663,4,22,43
25664,4,22,43
25665,4,22,43
25666,4,22,43
25667,4,22,43
25668,4,22,43
25669,4,22,43
25670,4,22,42
25671,4,22,42
25672,4,22,42
25673,4,22,42
25674,4,22,43
25675,4,22,99
25676,4,22,43
25677,4,22,43
25678,4,22,43
25679,4,22,43
25680,4,22,43
25681,4,22,43
25682,4,22,43
25683,4,22,99
25684,4,22,99
25685,4,22,99
25686,4,22,99
25687,4,22,99
25688,4,22,99
25689,4,22,99
25690,4,22,99
25691,4,22,99
25692,4,22,99
25693,4,22,99
25694,4,22,99
25695,4,22,99
25696,4,22,99
25697,4,22,99
25698,4,22,99
25699,4,26,68
25700,4,26,68
25701,4,26,68
25702,4,26,68
25703,4,26,68
25704,4,26,68
25705,4,26,68
25706,4,26,68
25707,4,26,68
25708,4,22,41
25709,4,22,41
25710,4,22,41
25711,4,22,41
25712,4,22,41
25713,4,22,41
25714,4,22,41
25715,4,22,41
25716,4,24,167
25717,4,24,167
25718,4,22,40
25719,4,22,40
25720,4,22,43
25721,4,22,42
25722,4,22,42
25723,4,22,42
25724,4,22,42
25725,4,22,42
25726,4,26,68
25727,4,26,68
25762,4,22,40
25763,4,22,40
25764,4,22,40
25765,4,22,99
25766,4,22,99
25767,4,22,43
25768,4,22,43
25769,4,22,36
25770,4,22,36
25771,4,22,36
25772,4,22,36
25773,4,22,36
25774,4,22,36
25775,4,22,36
25776,4,22,36
25777,4,24,167
25778,4,24,167
25779,4,22,37
25780,4,22,37
25807,4,22,37
25808,4,22,37
25809,4,22,37
25810,4,22,37
25814,4,23,47
25815,4,23,47
25816,4,23,47
25817,4,23,48
25818,4,22,37
25819,4,22,37
25820,4,23,45
25821,4,29,85
25822,4,29,85
25823,4,29,85
25824,4,29,85
25825,4,29,85
25826,4,29,85
25827,4,29,85
25828,4,29,85
25829,4,29,85
25830,4,29,85
25831,4,29,85
25842,4,29,86
25843,4,29,86
25856,4,27,71
25857,4,22,41
25859,4,22,41
25860,4,22,37
25861,4,22,37
25862,4,22,37
25863,4,22,37
25867,4,31,101
25880,4,29,76
25881,4,29,76
25884,4,29,86
25886,4,29,86
25887,4,29,88
25889,4,26,65
25890,4,29,86
25891,4,26,64
25892,4,26,68
25893,4,26,68
25894,4,26,68
25895,4,29,86
25896,4,26,68
25897,4,26,68
25898,4,26,68
25899,4,26,68
25900,4,26,68
25901,4,26,68
25902,4,26,68
25903,4,26,68
25904,4,26,68
25905,4,26,68
25907,4,26,68
25908,4,29,86
25909,4,29,86
25910,4,26,68
25911,4,26,66
25912,4,29,86
25913,4,29,86
25914,4,29,86
25915,4,29,86
25916,4,26,68
25917,4,26,65
25918,4,26,65
25919,4,26,65
25920,4,29,85
25921,4,29,85
25922,4,29,86
25923,4,29,86
25924,4,29,86
25925,4,29,86
25926,4,24,50
25927,4,28,92
25928,4,28,92
25930,4,29,86
25955,4,31,101
25956,4,31,101
25957,4,23,173
25958,4,23,173
25959,4,23,173
25960,4,22,37
25961,4,22,37
25962,4,22,37
25963,4,22,37
25964,4,23,173
25973,4,31,101
25979,4,23,46
25988,4,22,40
25989,4,29,85
25990,4,29,85
25991,4,29,86
25992,4,26,68
25993,4,26,68
25994,4,26,68
25995,4,26,68
25996,4,26,68
25999,4,26,68
26000,4,26,68
26001,4,29,85
26002,4,29,85
26003,4,26,68
26004,4,26,68
26005,4,29,76
26006,4,26,68
26007,4,29,76
26008,4,29,76
26009,4,26,68
26010,4,29,76
26011,4,29,76
26012,4,29,76
26013,4,29,76
26014,4,29,76
26015,4,23,47
26016,4,29,85
26017,4,29,85
26018,4,29,85
26019,4,29,85
26020,4,29,85
26021,4,29,86
26022,4,29,86
26023,4,29,86
26024,4,29,86
26025,4,29,86
26026,4,26,68
26027,4,26,68
26028,4,26,68
26030,4,29,86
26031,4,26,68
26032,4,26,68
26033,4,29,86
26034,4,26,68
26035,4,26,68
26036,4,29,86
26037,4,26,68
26038,4,29,86
26039,4,29,86
26040,4,29,86
26057,4,22,37
26058,4,22,37
26133,4,26,62
26134,4,26,62
26149,4,29,85
